battery_id,stage,discharge_cycle_id,cycle_capacity_ah,nominal_capacity_ah,estimated_capacity_ah,capacity_ratio,estimated_capacity_ratio,capacity_estimation_error_ah,capacity_estimation_error_percent,method,rmse,mae,max_error,std_error,mean_error,num_samples,num_mono_violations,max_soc_increase,optimizer_cost,optimizer_nfev,optimizer_success
B0005,early,1,1.8564874208181572,1.8564874208181572,1.8288012950601606,1.0,0.9850868228636878,-0.02768612575799656,-1.4913177136312206,Physically Constrained Capacity-Aware FGO,0.008093204529414179,0.006635680682681738,0.0149131700993367,0.00463332509461775,-0.006635680682681738,197,0.0,0.0,10.296322452230813,32.0,True
B0005,early,1,1.8564874208181572,1.8564874208181572,,1.0,,,,Nominal-Capacity CC,6.960533198605949e-17,4.9197462234936145e-17,2.220446049250313e-16,5.538984808836432e-17,-4.215289989594404e-17,197,,,,,
B0005,middle,84,1.5488741079890418,1.8564874208181572,1.5717366755464064,0.8343035835418967,0.846618543126858,0.0228625675573646,1.476076553894227,Physically Constrained Capacity-Aware FGO,0.008888244288559085,0.0077668610936886436,0.01452231793493159,0.004321661171870007,0.0077668610936886436,329,0.0,-2.110792995946298e-08,55.99321127856219,5.0,True
B0005,middle,84,1.5488741079890418,1.8564874208181572,,0.8343035835418967,,,,Nominal-Capacity CC,0.10408939989456256,0.09036307977121522,0.1654260279192284,0.05166349760392879,0.09036307977121522,329,,,,,
B0005,late,168,1.3250793286429356,1.8564874208181572,1.3668988719793982,0.7137561578838875,0.7362823236243656,0.04181954333646254,3.1560029978953437,Physically Constrained Capacity-Aware FGO,0.019648092846340885,0.017224105328646277,0.03053773260482908,0.009453980543989441,0.017224105328646277,300,0.0,-2.286847008425852e-07,106.60082645112183,8.0,True
B0005,late,168,1.3250793286429356,1.8564874208181572,,0.7137561578838875,,,,Nominal-Capacity CC,0.18806407382022045,0.16401027981540864,0.28571302520425035,0.09202567020526767,0.16401027981540864,300,,,,,
