battery_id,stage,discharge_cycle_id,cycle_capacity_ah,nominal_capacity_ah,capacity_ratio,method,rmse,mae,max_error,std_error,mean_error,num_samples
B0005,early,1,1.8564874208181572,1.8564874208181572,1.0,Coulomb Counting with Nominal Capacity,6.960533198605949e-17,4.9197462234936145e-17,2.220446049250313e-16,5.538984808836432e-17,-4.215289989594404e-17,197
B0005,middle,84,1.5488741079890418,1.8564874208181572,0.8343035835418967,Coulomb Counting with Nominal Capacity,0.10408939989456256,0.09036307977121522,0.1654260279192284,0.05166349760392879,0.09036307977121522,329
B0005,late,168,1.3250793286429356,1.8564874208181572,0.7137561578838875,Coulomb Counting with Nominal Capacity,0.18806407382022045,0.16401027981540864,0.28571302520425035,0.09202567020526767,0.16401027981540864,300
