battery_id,stage,discharge_cycle_id,cycle_capacity_ah,nominal_capacity_ah,capacity_ratio,method,rmse,mae,max_error,std_error,mean_error,num_samples
B0005,early,1,1.8564874208181572,1.8564874208181572,1.0,Coulomb Counting with Nominal Capacity,6.960533198605949e-17,4.9197462234936145e-17,2.220446049250313e-16,5.538984808836432e-17,-4.215289989594404e-17,197
B0005,middle,82,1.5594815668184234,1.8564874208181572,0.8400173086716404,Coulomb Counting with Nominal Capacity,0.10021933949815545,0.0869841816752904,0.1597290573839731,0.04977618052569536,0.0869841816752904,330
B0005,late,164,1.293463613844243,1.8564874208181572,0.6967263011532884,Coulomb Counting with Nominal Capacity,0.2009979522174734,0.17548316758886567,0.3026812202605515,0.09800936020909337,0.17548316758886567,297
