battery_id,stage,discharge_cycle_id,capacity_ah,method,rmse,mae,max_error,std_error,num_samples
B0005,early,1,1.8564874208181572,Coulomb Counting,6.960533198605949e-17,4.9197462234936145e-17,2.220446049250313e-16,5.538984808836432e-17,197
B0005,middle,84,1.5488741079890418,Coulomb Counting,4.065017394598232e-17,2.18264067744863e-17,1.1102230246251565e-16,3.687758680644787e-17,329
B0005,late,168,1.3250793286429356,Coulomb Counting,4.1671821661868025e-17,2.1939192360968343e-17,1.1102230246251565e-16,4.0920698399175275e-17,300
