battery_id,stage,discharge_cycle_id,cycle_capacity_ah,nominal_capacity_ah,capacity_ratio,method,rmse,mae,max_error,std_error,mean_error,num_samples,optimizer_cost,optimizer_nfev,optimizer_success
B0005,early,1,1.8564874208181572,1.8564874208181572,1.0,FGO,0.016882989235415397,0.012016488490090734,0.06711696410197936,0.016558954107220723,0.003291863362612459,197,107.73009839889832,8.0,True
B0005,early,1,1.8564874208181572,1.8564874208181572,1.0,Nominal-Capacity CC,6.960533198605949e-17,4.9197462234936145e-17,2.220446049250313e-16,5.538984808836432e-17,-4.215289989594404e-17,197,,,
B0005,middle,84,1.5488741079890418,1.8564874208181572,0.8343035835418967,FGO,0.08894613483218494,0.06046382647006083,0.36846758999859147,0.08635108565394765,-0.02132849989966053,329,192.79599909443337,14.0,True
B0005,middle,84,1.5488741079890418,1.8564874208181572,0.8343035835418967,Nominal-Capacity CC,0.10408939989456256,0.09036307977121522,0.1654260279192284,0.05166349760392879,0.09036307977121522,329,,,
B0005,late,168,1.3250793286429356,1.8564874208181572,0.7137561578838875,FGO,0.18365102727638005,0.1395335824156487,0.5452878916535131,0.17904863879689098,-0.040856881484642935,300,189.64876490530582,12.0,True
B0005,late,168,1.3250793286429356,1.8564874208181572,0.7137561578838875,Nominal-Capacity CC,0.18806407382022045,0.16401027981540864,0.28571302520425035,0.09202567020526767,0.16401027981540864,300,,,
